1667275819.0,t3_yiydgz,yiydgz
1667361704.0,t3_yjuwhn,yjuwhn
1667448006.0,t3_ykrnam,ykrnam
1667534435.0,t3_ylo8ye,ylo8ye
1667711858.0,t3_ynhhkn,ynhhkn
1667620817.0,t3_ymjjoi,ymjjoi
1667797257.0,t3_yod9at,yod9at
1667883661.0,t3_ypbqaa,ypbqaa
1669698023.0,t3_z7jzgb,z7jzgb
1667970021.0,t3_yq94bc,yq94bc
1668056423.0,t3_yr5u42,yr5u42
1668142829.0,t3_ys1o84,ys1o84
1669439809.0,t3_z4yx8l,z4yx8l
1669525712.0,t3_z5sb9w,z5sb9w
1668402077.0,t3_yupf91,yupf91
1669093323.0,t3_z1kx7m,z1kx7m
1669352412.0,t3_z44fzi,z44fzi
1669179843.0,t3_z2fyrg,z2fyrg
1669611594.0,t3_z6nbdo,z6nbdo
1668488618.0,t3_yvnh1p,yvnh1p
1668229331.0,t3_ysx24k,ysx24k
1668921415.0,t3_yzvx1w,yzvx1w
1669006856.0,t3_z0q0t3,z0q0t3
1668315608.0,t3_ytsb4h,ytsb4h
1668575085.0,t3_ywkf04,ywkf04
1669266044.0,t3_z3au0q,z3au0q
1668661705.0,t3_yxh9tg,yxh9tg
1668748427.0,t3_yybuf1,yybuf1
1668834004.0,t3_yz401k,yz401k
1606798794.0,t3_k4e487,k4e487
